<?xml version="1.0" encoding="UTF-8"?>
<feature
      id="org.eclipse.gef.source"
      label="%featureName"
      version="3.9.0.201305060205"
      provider-name="%providerName">

   <description>
      %description
   </description>

   <copyright>
      %copyright
   </copyright>

   <license url="%licenseURL">
      %license
   </license>

   <url>
      <update label="%updateSiteName" url="http://download.eclipse.org/tools/gef/updates/releases/"/>
      <discovery label="%updateSiteName" url="http://download.eclipse.org/tools/gef/updates/releases/"/>
   </url>

   <plugin
         id="org.eclipse.gef.source"
         download-size="770"
         install-size="2004"
         version="3.9.0.201305060205"
         unpack="false"/>

</feature>
