<?xml version="1.0" encoding="UTF-8"?>
<feature
      id="org.eclipse.zest.source"
      label="%featureName"
      version="1.5.0.201305060205"
      provider-name="%providerName">

   <description>
      %description
   </description>

   <copyright>
      %copyright
   </copyright>

   <license url="%licenseURL">
      %license
   </license>

   <url>
      <update label="%updateSiteName" url="http://download.eclipse.org/tools/gef/updates/releases/"/>
      <discovery label="%updateSiteName" url="http://download.eclipse.org/tools/gef/updates/releases/"/>
   </url>

   <plugin
         id="org.eclipse.zest.core.source"
         download-size="98"
         install-size="330"
         version="1.5.0.201305060205"
         unpack="false"/>

   <plugin
         id="org.eclipse.zest.layouts.source"
         download-size="77"
         install-size="238"
         version="1.1.0.201305060205"
         unpack="false"/>

</feature>
